barcode;nmId;категория;товар;WB_витрина_неизм;WB_база_было;WB_база_стало;WB_скидка_было;WB_скидка_стало;Ozon_было;Ozon_стало;Ozon_скидка_%;Ozon_min;ЯМ_было;ЯМ_стало;ЯМ_скидка_%;Δ_Ozon_%;Δ_ЯМ_%;нетто_WB;нетто_Ozon;нетто_ЯМ;пропуски
2041383032873;259678801;Браслеты;"Браслет 'Мудрость Будды' с бусиной и мантрой для медитации";7900;7900;15800;0;50;8690;9890;37;9396;10190;9190;42;14;-10;4424;4451;4448;
2041385829402;267915412;Природные материалы для творчества;"Метеорит Кампо-дель-Сьело железный коллекционный образец";58500;65000;90000;10;35;71500;71590;20;68011;66550;67890;25;0;2;32175;32215;32180;
2041456329848;270419874;Природные материалы для творчества;"Метеорит Сихотэ-Алинь железный, осколок, образец";52200;58000;87000;10;40;63810;63890;27;60696;68190;60590;30;0;-11;28710;28750;28720;
2042037693792;292157496;Браслеты;"Браслет Звёздный маг с метеоритом Алетай и бусиной Дзи";10300;10300;20600;0;50;11340;12890;37;12246;12320;11990;42;14;-3;5768;5800;5803;
2042050714764;292662989;Подвески бижутерные;"Подвеска Меркаба с метеоритом Муонионалуста, оберег";25500;25500;42500;0;40;28060;31790;25;30201;32240;31890;25;13;-1;14280;14305;14319;
2042285696378;303598439;Браслеты;"Браслет Вершитель с метеоритом Муонионалуста и лабрадоритом";11700;11700;18000;0;35;12880;14590;19;13861;14970;13590;25;13;-9;6552;6565;6578;
2042770600705;327127352;Браслеты;"Браслет Синергия с метеоритом Алетай и лабрадоритом";6650;7000;11875;5;44;7320;8290;30;7876;9030;7790;34;13;-14;3724;3730;3770;
2042770600712;327127352;Браслеты;"Браслет Синергия с метеоритом Алетай и лабрадоритом";6650;7000;11875;5;44;7320;8290;30;7876;8120;7790;34;13;-4;3724;3730;3770;
2043296349116;366261520;Природные материалы для творчества;"Метеорит Дронино железный, коллекционный образец №1";18600;18600;30000;0;38;20460;22790;24;21651;14580;21590;28;11;48;10230;10255;10234;
2043413991419;374584531;Природные материалы для творчества;"Метеорит Дронино железный коллекционный образец, подарок";25900;25900;46250;0;44;28500;31690;31;30106;29470;30090;35;11;2;14245;14260;14263;
2043465141060;378674958;Подвески бижутерные;"Подвеска женская мелонг из метеорита Алетай, амулет оберег";58500;75000;90000;22;35;82500;72890;19;69246;76760;72990;19;-12;-5;32760;32801;32773;
2043603985655;387711805;Подвески бижутерные;"Подвеска женская Сияние с метеоритом Муонионалуста, оберег";12100;12100;22000;0;45;13320;15090;31;14336;13460;15190;31;13;13;6776;6790;6820;
2043736090998;395873544;Природные материалы для творчества;"Метеорит Сихотэ-Алинь железный коллекционный, оберег";25900;25900;46250;0;44;28500;31690;31;30106;26200;30090;35;11;15;14245;14260;14263;
2044230961111;430742201;Браслеты;"Браслет из натуральных камней с метеоритом Муонионалуста";11875;12500;23750;5;50;13070;14790;38;14051;14180;13790;42;13;-3;6650;6655;6674;
2044461619959;445351461;Природные материалы для творчества;"Метеорит Сихотэ-Алинь коллекционный образец 12 гр, оберег";22000;22000;34375;0;36;24210;26890;22;25546;20030;25590;26;11;28;12100;12100;12130;
2044462241173;445397811;Природные материалы для творчества;"Метеорит Сихотэ-Алинь коллекционный образец 24 гр, оберег";24000;24000;37500;0;36;26410;29390;22;27921;23670;27890;26;11;18;13200;13225;13220;
2044891056751;468705942;Природные материалы для творчества;"Метеорит Кампо-дель-Сьело железный образец №2";18810;20900;28500;10;34;23000;23090;19;21936;18500;21890;23;0;18;10346;10390;10376;
2045713660026;516988052;Природные материалы для творчества;"Метеорит Дронино железный, коллекционный образец №4";20890;20890;41780;0;50;22980;25590;39;24311;23770;24290;42;11;2;11490;11515;11513;
2045714273881;517010714;Природные материалы для творчества;"Метеорит Дронино железный, коллекционный образец №5";25300;25300;46000;0;45;27840;30990;33;29441;28790;29390;36;11;2;13915;13945;13931;
2045888021431;526554159;Природные материалы для творчества;"Метеорит Сихотэ-Алинь железный, коллекционный образец №2";31500;31500;50000;0;37;34650;38590;23;36661;31060;36590;27;11;18;17325;17366;17344;
2045909391406;528127722;Обереги;"Метеорит Сихотэ-Алинь железный, коллекционный образец №4";25160;29600;50320;15;50;32570;36390;28;34571;31070;36490;27;12;17;16354;16375;16384;
2045909532700;528137045;Обереги;"Метеорит Сихотэ-Алинь железный, коллекционный образец №5";40000;40000;80000;0;50;44000;57790;28;54901;56170;57990;28;31;3;26000;26005;26038;
2046267500288;542414965;Природные материалы для творчества;"Метеорит Дронино железный коллекционный образец 60,2 гр";33000;33000;50000;0;34;36300;40390;19;38371;38800;38390;23;11;-1;18150;18176;18197;
2047094769664;597008791;Обереги;"Метеорит Дронино железный, коллекционный образец №7";14865.12;20088;27528;26;46;22100;21490;22;20416;18120;21590;22;-3;19;9662;9670;9694;
2047094830647;597014053;Обереги;"Метеорит Дронино железный коллекционный образец 27,8 гр";13648.8;20680;24816;34;45;22750;19790;20;18801;16820;19790;20;-13;18;8872;8906;8886;
2047648679319;445409409;Кольца;"Кольцо мужское из метеорита Муонионалуста и титана, подарок";25500;25500;37500;0;32;28060;31790;15;30201;34680;30190;19;13;-13;14280;14305;14310;
2047668668362;678735474;Подвески бижутерные;"Кулон женский из метеорита Алетай, амулет оберег, подарок";22792;25900;40700;12;44;25880;28390;30;26971;32900;28490;30;10;-13;12764;12775;12792;
2047669355278;678802293;Подвески бижутерные;"Кулон женский Тибетский щит из метеорита Алетай, оберег";25705;26500;48500;3;47;21260;31990;34;30391;28310;32090;34;50;13;14395;14395;14408;
2048101187990;731567520;Обереги;"Метеорит Царев (горбушка) 34,5 гр.";17581.2;31395;31395;44;44;34540;25490;19;24216;28310;25490;19;-26;-10;11428;11470;11445;
2048696232464;795157398;Обереги;"Метеорит Царёв каменный, коллекционный образец 29,3 гр";16821;26700;31150;37;46;29380;24390;22;23171;28420;24390;22;-17;-14;10934;10975;10951;
2048713029541;796862816;Обереги;"Фигурка Будда из каменного метеорита, 77,3 гр, оберег";64600;76000;129200;15;50;83600;93390;28;88721;85370;93590;28;12;10;41990;42025;42022;
2048888778534;815367526;Обереги;"Кулон из метеорита Алетай, оберег амулет";37520;46900;67000;20;44;51600;54290;19;51576;50610;54390;19;5;7;24388;24430;24421;
2048907296230;817125168;Обереги;"Метеорит Дронино железный, коллекционный образец 62,1 гр";30720;48000;61440;36;50;30370;44390;28;42171;46710;44490;28;46;-5;19968;19975;19976;
2048907777005;817179030;Обереги;"Метеорит Кампо-дель-Сьело железный образец 27,1 гр, оберег";17550;27000;32500;35;46;29710;25390;22;24121;24750;25490;22;-15;3;11408;11425;11445;
2048926572377;820016486;Обереги;"Метеорит Кампо-дель-Сьело железный образец 23,2 гр, оберег";15275;23500;29375;35;48;25860;22090;25;20986;20150;22190;24;-15;10;9929;9940;9963;
2048927684536;820145017;Обереги;"Метеорит Кампо-дель-Сьело железный образец 22,3 гр, оберег";14885;22900;28625;35;48;25200;21590;25;20511;24040;21590;25;-14;-10;9675;9715;9694;
2049052297363;825101724;Обереги;"Метеорит Царёв каменный, коллекционный образец 21,9 гр";19350;21500;38700;10;50;22110;27990;28;26591;19020;28090;27;27;48;12578;12595;12612;
2049064836468;826574563;Обереги;"Метеорит Царёв каменный образец 119 гр, подарок мужчине";36580;59000;73160;38;50;64910;52890;28;50246;55810;52990;28;-19;-5;23777;23800;23793;
2049064876730;826579332;Обереги;"Метеорит Царёв каменный образец 33 гр, оберег коллекционный";18216;30360;33120;40;45;33400;26390;20;25071;28720;26390;20;-21;-8;11840;11875;11849;
2049064959464;826589694;Обереги;"Метеорит Царёв каменный образец 30 гр, оберег коллекционный";16560;27600;33120;40;50;30370;23990;28;22791;26110;23990;28;-21;-8;10764;10795;10772;
2049066254079;826761260;Обереги;"Метеорит Сихотэ-Алинь железный, образец 19,4 гр, оберег";15723;34940;31446;55;50;38440;22790;28;21651;23240;22790;28;-41;-2;10220;10255;10233;
2049387876936;859651570;Обереги;"Метеорит Сихотэ-Алинь железный, образец 55,7 гр, оберег";23783.9;38990;67954;39;65;42890;34390;49;32671;36890;34490;49;-20;-7;15460;15475;15486;
2049405433813;861562848;Подвески бижутерные;"Подвеска и метеоритом Серичо";19750;25000;39500;21;50;22280;24590;38;23361;17180;24690;37;10;44;11060;11065;11086;
2049405532066;861577726;Обереги;"Подвеска Манджушри из метеорита Алетай, амулет оберег";30485;46900;58625;35;48;;;;;45760;44190;25;;-3;19815;;19841;no-ozon-link,skip-ozon-list
2049427663021;863787328;Обереги;"Фигурка Будда из каменного метеорита, коллекционная, оберег";39780;46800;76500;15;48;51490;57490;25;54616;53960;57590;25;12;7;25857;25870;25858;
2050761441312;988261734;Обереги;"Кулон Дракон из метеорита Алетай, амулет оберег резной";45500;45500;81250;0;44;37820;65790;19;62501;54770;65890;19;74;20;29575;29605;29585;ozon-cap
2050761847909;988315257;Обереги;"Кулон Лик Будды из метеорита Алетай, амулет оберег резной";30672.72;39324;52884;22;42;24520;44390;16;42171;34880;44490;16;81;28;19937;19975;19976;ozon-cap
2050763339860;988359699;Обереги;"Бусина Дзи 9 глаз метеорит Алетай, золото, амулет оберег";27300;32500;48750;16;44;29630;39490;19;37516;40660;39590;19;33;-3;17745;17771;17776;
2050769384819;988823746;Обереги;"Фигурка Пи Яо из ливийского стекла, амулет изобилия, оберег";64500;64500;129000;0;50;48900;93190;28;88531;76960;93390;28;91;21;41925;41935;41932;ozon-cap
2050777145457;989770544;Обереги;"Кулон Чжун Куй из индошинита, амулет защиты, оберег";13475;17500;24500;23;45;19250;19490;20;18516;22510;19590;20;1;-13;8759;8771;8796;
2050859936980;996271114;Обереги;"Кулон Чжун Куй из индошинита, амулет защиты, оберег резной";12719;16100;25438;21;50;17710;18390;28;17471;16660;18490;27;4;11;8267;8276;8302;
2050866743267;996711262;Обереги;"Кулон-амулет из метеорита Алетай, мантра Ом, оберег";45798;53880;89800;15;49;30130;66190;26;62881;43800;66390;26;120;52;29769;29785;29809;ozon-cap
2050945148358;1002907466;Обереги;"Кулон-амулет паук из индошинита, тектит, оберег талисман";9920;16000;19840;38;50;17600;14390;27;13671;17740;14390;27;-18;-19;6448;6475;6461;
2051342634895;1041103120;Обереги;"Браслет из индошинита с бусиной Дзи, натуральные камни";20832;24800;37200;16;44;27290;30190;19;28681;30430;30190;19;11;-1;13541;13585;13555;
2051343913708;1041264341;Обереги;"Мужской браслет из натуральных камней с каменным метеоритом";24120;26800;48240;10;50;29490;34890;28;33146;34860;34990;27;18;0;15678;15700;15711;
2051345237857;1041907949;Обереги;"Браслет с каменным метеоритом NWA и Дзи, натуральные камни";26500;26500;50000;0;47;29160;38290;23;36376;35260;38390;23;31;9;17225;17231;17237;
2052025128915;1124736072;Обереги;"Метеорит Царёв каменный образец 18 гр, оберег подарок";10500;21000;18750;50;44;23110;15190;19;14431;34000;15290;18;-34;-55;6825;6835;6865;
2052093250815;1128927754;Обереги;"Метеорит Царёв каменный образец 64 гр, оберег подарок";21624;63600;40800;66;47;69960;31290;23;29726;42310;31390;23;-55;-26;14056;14080;14094;
2052093482261;1128998482;Обереги;"Метеорит Царёв каменный образец 34 гр, оберег подарок";14858;39100;29716;62;50;43010;21490;28;20416;32950;21590;27;-50;-34;9658;9670;9694;
2052155245032;1137280175;Обереги;"Метеорит Сихотэ-Алинь коллекционный образец 12,3 гр, оберег";10340;22000;18800;53;45;24210;14990;20;14241;21790;14990;20;-38;-31;6721;6745;6731;
2052706255442;1201433951;Обереги;"Кулон Пи Яо из метеорита Алетай, амулет изобилия, оберег";28275;32500;48750;13;42;31910;40890;16;38846;42870;40990;16;28;-4;18379;18401;18405;
2052706439774;1201463781;Природные материалы для творчества;"Метеорит Каньон Дьябло - коллекционный образец: 14,2 гр.";14304;14900;22350;4;36;16390;17490;22;16616;18840;16690;25;7;-11;7867;7870;7911;
2052842781478;1214969106;Подвески бижутерные;"Подвеска Меркаба с метеоритом Муонионалуста";22800;22800;35625;0;36;25090;28390;20;26971;33340;28490;20;13;-15;12768;12775;12792;
2052843824204;1215042811;Подвески бижутерные;"Кулон Пи Яо из метеорита Муонионалуста";74655;118500;118500;37;37;128710;92990;22;88341;160820;93190;21;-28;-42;41807;41845;41842;
2052898666804;1219210498;Обереги;"Браслет женский из натуральных камней";17500;17500;31250;0;44;15980;25290;19;24026;21440;25390;19;58;18;11375;11380;11400;
