nmID;vendorCode;barcode;категория_WB;остаток;согласованная_цена_продавца;уступка_WB;мин_цена_WB;источник
259678801;JW-NB-AGT-M-0002;2041383032873;Браслеты;2;9164.0;0.1;8248;"«Цена со скидкой» из шаблона WB 26.09.2026 12:12; снижения — решения владельца (подтверждено 26.09)"
267915412;JW-NB-AGT-M-0018;2041385829402;Природные материалы для творчества;1;52200.0;0.1;46980;"«Цена со скидкой» из шаблона WB 26.09.2026 12:12; снижения — решения владельца (подтверждено 26.09)"
270419874;JW-NB-AGT-M-0022;2041456329848;Природные материалы для творчества;1;43500.0;0.1;39150;"«Цена со скидкой» из шаблона WB 26.09.2026 12:12; снижения — решения владельца (подтверждено 26.09)"
288063036;JW-NB-AGT-M-0028;2041941855531;Шармы-подвески;2;9840.0;0.1;8856;"«Цена со скидкой» из шаблона WB 26.09.2026 12:12; снижения — решения владельца (подтверждено 26.09)"
288116175;JW-NB-AGT-M-0029;2041942767208;Подвески бижутерные;2;22800.0;0.1;20520;"«Цена со скидкой» из шаблона WB 26.09.2026 12:12; снижения — решения владельца (подтверждено 26.09)"
288129588;JW-NB-AGT-M-0031;2041942946931;Подвески бижутерные;9;19900.0;0.1;17910;"«Цена со скидкой» из шаблона WB 26.09.2026 12:12; снижения — решения владельца (подтверждено 26.09)"
292157496;JW-NB-AGT-M-0033;2042326950452;Браслеты;2;8858.0;0.1;7973;"«Цена со скидкой» из шаблона WB 26.09.2026 12:12; снижения — решения владельца (подтверждено 26.09)"
292662989;JW-NB-AGT-M-0035;2042050714764;Подвески бижутерные;1;25500.0;0.1;22950;"«Цена со скидкой» из шаблона WB 26.09.2026 12:12; снижения — решения владельца (подтверждено 26.09)"
303598439;JW-NB-AGT-M-0041;2042287474646;Браслеты;1;11160.0;0.1;10044;"«Цена со скидкой» из шаблона WB 26.09.2026 12:12; снижения — решения владельца (подтверждено 26.09)"
306818299;JW-NB-AGT-M-0047;2042354181293;Браслеты;3;9345.0;0.1;8411;"«Цена со скидкой» из шаблона WB 26.09.2026 12:12; снижения — решения владельца (подтверждено 26.09)"
307131325;JW-NB-AGT-M-0048;2042359242661;Подвески бижутерные;1;55860.0;0.1;50274;"«Цена со скидкой» из шаблона WB 26.09.2026 12:12; снижения — решения владельца (подтверждено 26.09)"
327127352;JW-NB-AGT-M-0073;2042868581886;Браслеты;6;6175.0;0.1;5558;"«Цена со скидкой» из шаблона WB 26.09.2026 12:12; снижения — решения владельца (подтверждено 26.09)"
366261520;JW-NB-AGT-M-0086;2043296349116;Природные материалы для творчества;1;16200.0;0.1;14580;"«Цена со скидкой» из шаблона WB 26.09.2026 12:12; снижения — решения владельца (подтверждено 26.09)"
374584531;JW-NB-AGT-M-0095;2043413991419;Природные материалы для творчества;1;22200.0;0.1;19980;"«Цена со скидкой» из шаблона WB 26.09.2026 12:12; снижения — решения владельца (подтверждено 26.09)"
378649009;JW-NB-AGT-M-0097;2043464730241;Подвески бижутерные;1;18000.0;0.1;16200;"«Цена со скидкой» из шаблона WB 26.09.2026 12:12; снижения — решения владельца (подтверждено 26.09)"
378674958;JW-NB-AGT-M-0098;2043465141060;Подвески бижутерные;1;49500.0;0.1;44550;"«Цена со скидкой» из шаблона WB 26.09.2026 12:12; снижения — решения владельца (подтверждено 26.09)"
378971071;JW-NB-AGT-M-0099;2043467603641;Подвески бижутерные;1;28925.0;0.1;26033;"«Цена со скидкой» из шаблона WB 26.09.2026 12:12; снижения — решения владельца (подтверждено 26.09)"
395873544;JW-NB-AGT-M-0127;2043736090998;Природные материалы для творчества;1;25900.0;0.1;23310;"«Цена со скидкой» из шаблона WB 26.09.2026 12:12; снижения — решения владельца (подтверждено 26.09)"
430742201;4535657887;2044616238615;Браслеты;1;11875.0;0.1;10688;"«Цена со скидкой» из шаблона WB 26.09.2026 12:12; снижения — решения владельца (подтверждено 26.09)"
431548944;6565542;2044245185854;Часы наручные;5;45500.0;0.1;40950;"«Цена со скидкой» из шаблона WB 26.09.2026 12:12; снижения — решения владельца (подтверждено 26.09)"
447795230;584348679;2044506852761;Обереги;1;20750.0;0.1;18675;"«Цена со скидкой» из шаблона WB 26.09.2026 12:12; снижения — решения владельца (подтверждено 26.09)"
516988052;7777665443;2045713660026;Природные материалы для творчества;1;20890.0;0.1;18801;"«Цена со скидкой» из шаблона WB 26.09.2026 12:12; снижения — решения владельца (подтверждено 26.09)"
517010714;88373654562782;2045714273881;Природные материалы для творчества;1;20700.0;0.1;18630;"«Цена со скидкой» из шаблона WB 26.09.2026 12:12; снижения — решения владельца (подтверждено 26.09)"
526554159;9345896543;2045888021431;Природные материалы для творчества;1;28000.0;0.1;25200;"«Цена со скидкой» из шаблона WB 26.09.2026 12:12; снижения — решения владельца (подтверждено 26.09)"
528127722;9998765443;2045909391406;Обереги;1;20631.2;0.1;18569;"«Цена со скидкой» из шаблона WB 26.09.2026 12:12; снижения — решения владельца (подтверждено 26.09)"
528137045;98877665437;2045909532700;Обереги;1;33600.0;0.1;30240;"«Цена со скидкой» из шаблона WB 26.09.2026 12:12; снижения — решения владельца (подтверждено 26.09)"
542414965;35032037;2046267500288;Природные материалы для творчества;1;35000.0;0.1;31500;"«Цена со скидкой» из шаблона WB 26.09.2026 12:12; снижения — решения владельца (подтверждено 26.09)"
597008791;9878765445421;2047094769664;Обереги;1;24775.2;0.1;22298;"«Цена со скидкой» из шаблона WB 26.09.2026 12:12; снижения — решения владельца (подтверждено 26.09)"
597014053;79358476457846;2047094830647;Обереги;1;11911.68;0.1;10721;"«Цена со скидкой» из шаблона WB 26.09.2026 12:12; снижения — решения владельца (подтверждено 26.09)"
678735474;872395643876;2047668668362;Подвески бижутерные;2;27269.0;0.1;24543;"«Цена со скидкой» из шаблона WB 26.09.2026 12:12; снижения — решения владельца (подтверждено 26.09)"
702062898;6363638900098;2047852194134;Браслеты;5;7020.0;0.1;6318;"«Цена со скидкой» из шаблона WB 26.09.2026 12:12; снижения — решения владельца (подтверждено 26.09)"
731567520;8759236456221;2048101187990;Обереги;1;17581.2;0.1;15824;"«Цена со скидкой» из шаблона WB 26.09.2026 12:12; снижения — решения владельца (подтверждено 26.09)"
795157398;403874694;2048696232464;Обереги;1;16821.0;0.1;15139;"«Цена со скидкой» из шаблона WB 26.09.2026 12:12; снижения — решения владельца (подтверждено 26.09)"
796862816;835694653692;2048713029541;Обереги;1;64600.0;0.1;58140;"«Цена со скидкой» из шаблона WB 26.09.2026 12:12; снижения — решения владельца (подтверждено 26.09)"
817125168;097976675675454;2048907296230;Обереги;1;46080.0;0.1;41472;"«Цена со скидкой» из шаблона WB 26.09.2026 12:12; снижения — решения владельца (подтверждено 26.09)"
817179030;9830967956621;2048907777005;Обереги;1;17550.0;0.1;15795;"«Цена со скидкой» из шаблона WB 26.09.2026 12:12; снижения — решения владельца (подтверждено 26.09)"
826574563;87494658726767861;2049064836468;Обереги;1;36580.0;0.1;32922;"«Цена со скидкой» из шаблона WB 26.09.2026 12:12; снижения — решения владельца (подтверждено 26.09)"
826579332;8768757655223;2049064876730;Обереги;1;23846.4;0.1;21462;"«Цена со скидкой» из шаблона WB 26.09.2026 12:12; снижения — решения владельца (подтверждено 26.09)"
826589694;7866556434221;2049064959464;Обереги;1;17605.0;0.1;15845;"«Цена со скидкой» из шаблона WB 26.09.2026 12:12; снижения — решения владельца (подтверждено 26.09)"
826761260;2374238759463943;2049066254079;Обереги;1;15723.0;0.1;14151;"«Цена со скидкой» из шаблона WB 26.09.2026 12:12; снижения — решения владельца (подтверждено 26.09)"
826793732;89235856463594;2049066534157;Обереги;1;39186.0;0.1;35268;"«Цена со скидкой» из шаблона WB 26.09.2026 12:12; снижения — решения владельца (подтверждено 26.09)"
859651570;03982907587;2049387876936;Обереги;1;23783.9;0.1;21406;"«Цена со скидкой» из шаблона WB 26.09.2026 12:12; снижения — решения владельца (подтверждено 26.09)"
861562848;375485732833861;2049405433813;Подвески бижутерные;1;21725.0;0.1;19553;"«Цена со скидкой» из шаблона WB 26.09.2026 12:12; снижения — решения владельца (подтверждено 26.09)"
861577726;38259864653534;2049405532066;Обереги;1;30312.5;0.1;27282;"«Цена со скидкой» из шаблона WB 26.09.2026 12:12; снижения — решения владельца (подтверждено 26.09)"
863787328;9863479136591751;2049427663021;Обереги;1;51255.0;0.1;46130;"«Цена со скидкой» из шаблона WB 26.09.2026 12:12; снижения — решения владельца (подтверждено 26.09)"
988261734;987896756453;2050761441312;Обереги;1;44687.5;0.1;40219;"«Цена со скидкой» из шаблона WB 26.09.2026 12:12; снижения — решения владельца (подтверждено 26.09)"
988359699;49283098493247;2050763339860;Обереги;1;39975.0;0.1;35978;"«Цена со скидкой» из шаблона WB 26.09.2026 12:12; снижения — решения владельца (подтверждено 26.09)"
988801724;9890888766543;2050769090710;Обереги;1;31500.0;0.1;28350;"«Цена со скидкой» из шаблона WB 26.09.2026 12:12; снижения — решения владельца (подтверждено 26.09)"
989737513;23434324356;2050776784459;Обереги;1;31500.0;0.1;28350;"«Цена со скидкой» из шаблона WB 26.09.2026 12:12; снижения — решения владельца (подтверждено 26.09)"
989770544;3652765874365876;2050777145457;Обереги;1;18375.0;0.1;16538;"«Цена со скидкой» из шаблона WB 26.09.2026 12:12; снижения — решения владельца (подтверждено 26.09)"
996271114;23522321414241;2050859936980;Обереги;1;19078.5;0.1;17171;"«Цена со скидкой» из шаблона WB 26.09.2026 12:12; снижения — решения владельца (подтверждено 26.09)"
996336745;483927596635743;2050860410158;Природные материалы для творчества;1;42729.96;0.1;38457;"«Цена со скидкой» из шаблона WB 26.09.2026 12:12; снижения — решения владельца (подтверждено 26.09)"
1002907466;76874434533232;2050945148358;Обереги;1;15872.0;0.1;14285;"«Цена со скидкой» из шаблона WB 26.09.2026 12:12; снижения — решения владельца (подтверждено 26.09)"
1041264341;87987392637;2051343913708;Обереги;1;26532.0;0.1;23879;"«Цена со скидкой» из шаблона WB 26.09.2026 12:12; снижения — решения владельца (подтверждено 26.09)"
1068044235;7839265936522;2051508626795;Обереги;1;28100.0;0.1;25290;"«Цена со скидкой» из шаблона WB 26.09.2026 12:12; снижения — решения владельца (подтверждено 26.09)"
1128927754;545677665534;2052093250815;Обереги;1;31008.0;0.1;27908;"«Цена со скидкой» из шаблона WB 26.09.2026 12:12; снижения — решения владельца (подтверждено 26.09)"
1128998482;224235677890;2052093482261;Обереги;1;22287.0;0.1;20059;"«Цена со скидкой» из шаблона WB 26.09.2026 12:12; снижения — решения владельца (подтверждено 26.09)"
1201433951;546782654332;2052706255442;Обереги;1;29250.0;0.1;26325;"«Цена со скидкой» из шаблона WB 26.09.2026 12:12; снижения — решения владельца (подтверждено 26.09)"
1201463781;8787676543;2052706439774;Природные материалы для творчества;1;12516.0;0.1;11265;"«Цена со скидкой» из шаблона WB 26.09.2026 12:12; снижения — решения владельца (подтверждено 26.09)"
1280391081;987767564352;2053611934965;Обереги;1;3915.0;0.1;3524;"«Цена со скидкой» из шаблона WB 26.09.2026 12:12; снижения — решения владельца (подтверждено 26.09)"
1287019038;8797686554332;2053725583103;Подвески бижутерные;3;13740.0;0.1;12366;"«Цена со скидкой» из шаблона WB 26.09.2026 12:12; снижения — решения владельца (подтверждено 26.09)"
1287091233;372986536523;2053726713943;Подвески бижутерные;5;8740.0;0.1;7866;"«Цена со скидкой» из шаблона WB 26.09.2026 12:12; снижения — решения владельца (подтверждено 26.09)"
1454981206;7575443412;2055074620560;Обереги;1;22770.0;0.1;20493;"«Цена со скидкой» из шаблона WB 26.09.2026 12:12; снижения — решения владельца (подтверждено 26.09)"
1458298879;8787554322;2055114749251;Обереги;1;21120.0;0.1;19008;"«Цена со скидкой» из шаблона WB 26.09.2026 12:12; снижения — решения владельца (подтверждено 26.09)"
1479315655;7865574452;2055399469936;Подвески бижутерные;2;12600.0;0.1;11340;"«Цена со скидкой» из шаблона WB 26.09.2026 12:12; снижения — решения владельца (подтверждено 26.09)"
1479354734;786654312345678;2055399922189;Подвески бижутерные;2;34710.0;0.1;31239;"«Цена со скидкой» из шаблона WB 26.09.2026 12:12; снижения — решения владельца (подтверждено 26.09)"
1531849856;878766754355;2056115503644;Обереги;1;5025.0;0.1;4523;"«Цена со скидкой» из шаблона WB 26.09.2026 12:12; снижения — решения владельца (подтверждено 26.09)"
1532017989;343434567879;2056116685417;Подвески бижутерные;1;20332.0;0.1;18299;"«Цена со скидкой» из шаблона WB 26.09.2026 12:12; снижения — решения владельца (подтверждено 26.09)"
1532068755;6775654432;2056117258511;Обереги;1;4508.0;0.1;4058;"«Цена со скидкой» из шаблона WB 26.09.2026 12:12; снижения — решения владельца (подтверждено 26.09)"
1566842358;87690321;2056470559638;Природные материалы для творчества;1;8710.0;0.1;7839;"«Цена со скидкой» из шаблона WB 26.09.2026 12:12; снижения — решения владельца (подтверждено 26.09)"
1575434029;8886445231;2056602572160;Обереги;1;20750.0;0.1;18675;"«Цена со скидкой» из шаблона WB 26.09.2026 12:12; снижения — решения владельца (подтверждено 26.09)"
1579421243;888656432241;2056667714802;Подвески бижутерные;1;35035.0;0.1;31532;"«Цена со скидкой» из шаблона WB 26.09.2026 12:12; снижения — решения владельца (подтверждено 26.09)"
1629432990;555978675645;2057081661222;Природные материалы для творчества;1;69289.5;0.1;62361;"«Цена со скидкой» из шаблона WB 26.09.2026 12:12; снижения — решения владельца (подтверждено 26.09)"
1631024060;888645543123;2057086856166;Обереги;1;5425.0;0.1;4883;"«Цена со скидкой» из шаблона WB 26.09.2026 12:12; снижения — решения владельца (подтверждено 26.09)"
1685950498;7775543211;2057356026220;Обереги;1;18189.6;0.1;16371;"«Цена со скидкой» из шаблона WB 26.09.2026 12:12; снижения — решения владельца (подтверждено 26.09)"
1686005411;88867654326;2057356276205;Обереги;1;10260.0;0.1;9234;"«Цена со скидкой» из шаблона WB 26.09.2026 12:12; снижения — решения владельца (подтверждено 26.09)"
1686311322;9997465365;2057357785904;Обереги;1;16260.0;0.1;14634;"«Цена со скидкой» из шаблона WB 26.09.2026 12:12; снижения — решения владельца (подтверждено 26.09)"
1687944206;99976543222366;2057365149910;Обереги;1;8282.4;0.1;7455;"«Цена со скидкой» из шаблона WB 26.09.2026 12:12; снижения — решения владельца (подтверждено 26.09)"
